aa,name,charge,polarity,hydropathy,volume_A3,is_gly_or_pro
A,Ala,0,nonpolar,1.8,88.6,False
R,Arg,1,polar,-4.5,173.4,False
N,Asn,0,polar,-3.5,114.1,False
D,Asp,-1,polar,-3.5,111.1,False
C,Cys,0,nonpolar,2.5,108.5,False
Q,Gln,0,polar,-3.5,143.8,False
E,Glu,-1,polar,-3.5,138.4,False
G,Gly,0,nonpolar,-0.4,60.1,True
H,His,0,polar,-3.2,153.2,False
I,Ile,0,nonpolar,4.5,166.7,False
L,Leu,0,nonpolar,3.8,166.7,False
K,Lys,1,polar,-3.9,168.6,False
M,Met,0,nonpolar,1.9,162.9,False
F,Phe,0,nonpolar,2.8,189.9,False
P,Pro,0,nonpolar,-1.6,112.7,True
S,Ser,0,polar,-0.8,89.0,False
T,Thr,0,polar,-0.7,116.1,False
W,Trp,0,nonpolar,-0.9,227.8,False
Y,Tyr,0,polar,-1.3,193.6,False
V,Val,0,nonpolar,4.2,140.0,False
