position,region,ef_loop,ef_loop_pos,is_ca_coord,is_conserved_gly
1,N-lobe,,,False,False
2,N-lobe,,,False,False
3,N-lobe,,,False,False
4,N-lobe,,,False,False
5,N-lobe,,,False,False
6,N-lobe,,,False,False
7,N-lobe,,,False,False
8,N-lobe,,,False,False
9,N-lobe,,,False,False
10,N-lobe,,,False,False
11,N-lobe,,,False,False
12,N-lobe,,,False,False
13,N-lobe,,,False,False
14,N-lobe,,,False,False
15,N-lobe,,,False,False
16,N-lobe,,,False,False
17,N-lobe,,,False,False
18,N-lobe,,,False,False
19,N-lobe,,,False,False
20,N-lobe,EF1,1.0,True,False
21,N-lobe,EF1,2.0,False,False
22,N-lobe,EF1,3.0,True,False
23,N-lobe,EF1,4.0,False,True
24,N-lobe,EF1,5.0,True,False
25,N-lobe,EF1,6.0,False,True
26,N-lobe,EF1,7.0,False,False
27,N-lobe,EF1,8.0,False,False
28,N-lobe,EF1,9.0,False,False
29,N-lobe,EF1,10.0,False,False
30,N-lobe,EF1,11.0,False,False
31,N-lobe,EF1,12.0,True,False
32,N-lobe,,,False,False
33,N-lobe,,,False,False
34,N-lobe,,,False,False
35,N-lobe,,,False,False
36,N-lobe,,,False,False
37,N-lobe,,,False,False
38,N-lobe,,,False,False
39,N-lobe,,,False,False
40,N-lobe,,,False,False
41,N-lobe,,,False,False
42,N-lobe,,,False,False
43,N-lobe,,,False,False
44,N-lobe,,,False,False
45,N-lobe,,,False,False
46,N-lobe,,,False,False
47,N-lobe,,,False,False
48,N-lobe,,,False,False
49,N-lobe,,,False,False
50,N-lobe,,,False,False
51,N-lobe,,,False,False
52,N-lobe,,,False,False
53,N-lobe,,,False,False
54,N-lobe,,,False,False
55,N-lobe,,,False,False
56,N-lobe,EF2,1.0,True,False
57,N-lobe,EF2,2.0,False,False
58,N-lobe,EF2,3.0,True,False
59,N-lobe,EF2,4.0,False,True
60,N-lobe,EF2,5.0,True,False
61,N-lobe,EF2,6.0,False,True
62,N-lobe,EF2,7.0,False,False
63,N-lobe,EF2,8.0,False,False
64,N-lobe,EF2,9.0,False,False
65,N-lobe,EF2,10.0,False,False
66,N-lobe,EF2,11.0,False,False
67,N-lobe,EF2,12.0,True,False
68,N-lobe,,,False,False
69,N-lobe,,,False,False
70,N-lobe,,,False,False
71,N-lobe,,,False,False
72,N-lobe,,,False,False
73,N-lobe,,,False,False
74,Linker,,,False,False
75,Linker,,,False,False
76,Linker,,,False,False
77,Linker,,,False,False
78,Linker,,,False,False
79,Linker,,,False,False
80,Linker,,,False,False
81,Linker,,,False,False
82,Linker,,,False,False
83,C-lobe,,,False,False
84,C-lobe,,,False,False
85,C-lobe,,,False,False
86,C-lobe,,,False,False
87,C-lobe,,,False,False
88,C-lobe,,,False,False
89,C-lobe,,,False,False
90,C-lobe,,,False,False
91,C-lobe,,,False,False
92,C-lobe,,,False,False
93,C-lobe,EF3,1.0,True,False
94,C-lobe,EF3,2.0,False,False
95,C-lobe,EF3,3.0,True,False
96,C-lobe,EF3,4.0,False,True
97,C-lobe,EF3,5.0,True,False
98,C-lobe,EF3,6.0,False,True
99,C-lobe,EF3,7.0,False,False
100,C-lobe,EF3,8.0,False,False
101,C-lobe,EF3,9.0,False,False
102,C-lobe,EF3,10.0,False,False
103,C-lobe,EF3,11.0,False,False
104,C-lobe,EF3,12.0,True,False
105,C-lobe,,,False,False
106,C-lobe,,,False,False
107,C-lobe,,,False,False
108,C-lobe,,,False,False
109,C-lobe,,,False,False
110,C-lobe,,,False,False
111,C-lobe,,,False,False
112,C-lobe,,,False,False
113,C-lobe,,,False,False
114,C-lobe,,,False,False
115,C-lobe,,,False,False
116,C-lobe,,,False,False
117,C-lobe,,,False,False
118,C-lobe,,,False,False
119,C-lobe,,,False,False
120,C-lobe,,,False,False
121,C-lobe,,,False,False
122,C-lobe,,,False,False
123,C-lobe,,,False,False
124,C-lobe,,,False,False
125,C-lobe,,,False,False
126,C-lobe,,,False,False
127,C-lobe,,,False,False
128,C-lobe,,,False,False
129,C-lobe,EF4,1.0,True,False
130,C-lobe,EF4,2.0,False,False
131,C-lobe,EF4,3.0,True,False
132,C-lobe,EF4,4.0,False,True
133,C-lobe,EF4,5.0,True,False
134,C-lobe,EF4,6.0,False,True
135,C-lobe,EF4,7.0,False,False
136,C-lobe,EF4,8.0,False,False
137,C-lobe,EF4,9.0,False,False
138,C-lobe,EF4,10.0,False,False
139,C-lobe,EF4,11.0,False,False
140,C-lobe,EF4,12.0,True,False
141,C-lobe,,,False,False
142,C-lobe,,,False,False
143,C-lobe,,,False,False
144,C-lobe,,,False,False
145,C-lobe,,,False,False
146,C-lobe,,,False,False
147,C-lobe,,,False,False
148,C-lobe,,,False,False
149,C-lobe,,,False,False
